isolate	fc	logfc	fc_0.1	fc_0.2	fc_0.33	fc_0.66	fc_0.8	fc_0.9
MR001	0.115570469798658	-3.113155282840039	1	1	0	0	0	0
MR010	0.057503355704698	-4.120210040373992	1	0	0	0	0	0
MR012	0.152496644295302	-2.7131505985186735	1	1	1	0	0	0
MR025	0.114765100671141	-3.123244100463625	1	1	0	0	0	0
MR036	0.122013422818792	-3.0348882260427783	1	1	0	0	0	0
MR037	0.650579150579151	-0.6202035065046944	1	1	1	1	1	0
MR039	0.10255033557047	-3.2855958822011346	1	1	0	0	0	0
MR041	7.78185328185328	2.960113780164525	1	1	1	1	1	1
MR043	0.009395973154362	-6.733741693291984	0	0	0	0	0	0
MR044	0.615830115830116	-0.699395673921684	1	1	1	1	1	0
MR045	0.062120805369128	-4.008779656016747	1	0	0	0	0	0
MR049	11.5830115830116	3.5339384976966914	1	1	1	1	1	1
MR050	0.059194630872483	-4.078389864679371	1	0	0	0	0	0
MR059	8.41698841698842	3.073304131977735	1	1	1	1	1	1
MR084	0.066442953020134	-3.9117399952699192	1	0	0	0	0	0
MR090	0.777992277992278	-0.36217225915858653	1	1	1	1	1	0
MR094	0.100134228187919	-3.319992889981655	1	1	0	0	0	0
MR097	0.08	-3.643856189774725	1	1	0	0	0	0
MR102	0.008577181208054	-6.865280684177202	0	0	0	0	0	0
MR103	0.054712418300654	-4.1919878652138856	1	0	0	0	0	0
MR107	0.052702702702703	-4.245979241654056	1	0	0	0	0	0
MR124	0.681467181467181	-0.5532839144153746	1	1	1	1	1	0
MR129	0.793436293436294	-0.33381370400487004	1	1	1	1	1	0
MR134	0.004308724832215	-7.8585233180018665	0	0	0	0	0	0
MR138	0.08751677852349	-3.5142965560058075	1	1	0	0	0	0
MR142	2.27606177606178	1.1865397152932113	1	1	1	1	1	1
MR153	0.149664429530201	-2.7401967154292226	1	1	0	0	0	0
MR155	1.58108108108108	0.6609113539544538	1	1	1	1	1	1
MR158	0.019677852348993	-5.667283416990458	0	0	0	0	0	0
MR159	0.350029463759576	-1.5144517287418964	1	1	1	0	0	0
MR164	0.126694166175604	-2.980577999953203	1	1	0	0	0	0
MR169	0.159693576900412	-2.6466218081887964	1	1	1	0	0	0
MR174	0.062816735415439	-3.99270722167085	1	0	0	0	0	0
MR175	0.134944018856806	-2.889567061445721	1	1	0	0	0	0
MK031	0.077852348993289	-3.6831156202219444	1	1	0	0	0	0
MK058	0.158120805369128	-2.660900886406421	1	1	1	0	0	0
MK062	0.075302013422819	-3.7311677496280895	1	0	0	0	0	0
MK125	0.986486486486486	-0.019628806748933324	1	1	1	1	1	0
MK141	0.019664429530201	-5.668267855814664	0	0	0	0	0	0
MK179	0.098408956982911	-3.3450665570686113	1	1	0	0	0	0
MK181	0.100176782557454	-3.3193799134049664	1	1	0	0	0	0
MK183	11.5830115830116	3.5339384976966914	1	1	1	1	1	1
MK185	8.8996138996139	3.1537427476301465	1	1	1	1	1	1
MK187	0.766409266409266	-0.3838130905435969	1	1	1	1	1	0
MK189	6.29343629343629	2.653847961431885	1	1	1	1	1	1
MK192	7.63899613899614	2.933383062286147	1	1	1	1	1	1
MK194	2.60617760617761	1.3819354042516414	1	1	1	1	1	1
MK196	0.44015444015444	-1.1839182735218128	1	1	1	1	0	0
MK198	0.401158301158301	-1.3177564436697051	1	1	1	1	0	0
MK199	1.41312741312741	0.49889155059748547	1	1	1	1	1	1
MK204	8.06949806949807	3.0124789392816913	1	1	1	1	1	1
MK207	0.611969111969112	-0.7084692575471467	1	1	1	1	1	0
MK210	2.4034749034749	1.2651217392688872	1	1	1	1	1	1
MK211	11.5830115830116	3.5339384976966914	1	1	1	1	1	1
MK214	1.64864864864865	0.7212839719339377	1	1	1	1	1	1
MK216	5.09073359073359	2.3478735681780063	1	1	1	1	1	1
MK220	6.78185328185328	2.761679573535817	1	1	1	1	1	1
MK222	2.31467181467181	1.2108076557276668	1	1	1	1	1	1
MK225	0.326254826254826	-1.6159288514043708	1	1	1	0	0	0
MK226	0.348841698841699	-1.5193555917093158	1	1	1	0	0	0
MK231	0.536679536679537	-0.8978672149630454	1	1	1	1	0	0
MK236	0.413127413127413	-1.2753413012854073	1	1	1	1	0	0
MK238	0.158605664488017	-2.656483798102478	1	1	1	0	0	0
MK241	0.04400871459695	-4.506066955549372	0	0	0	0	0	0
MK242	0.467181467181467	-1.0979450504119599	1	1	1	1	0	0
MK245	0.570806100217865	-0.8089273418763574	1	1	1	1	1	0
MK246	0.230718954248366	-2.115791564308834	1	1	1	0	0	0
MK249	0.026143790849673	-5.257387842692663	0	0	0	0	0	0
MK251	0.067320261437909	-3.892815410396785	1	0	0	0	0	0
MK254	0.062091503267974	-4.0094603292490625	1	0	0	0	0	0
MK259	0.209150326797386	-2.2573878426926495	1	1	1	0	0	0
MK262	0.094488017429194	-3.403724805325428	1	1	0	0	0	0
MK267	0.090631808278867	-3.46383872016008	1	1	0	0	0	0
MK270	0.081263616557734	-3.6212466180459364	1	1	0	0	0	0
MK275	0.426640926640927	-1.228905728295121	1	1	1	1	0	0
MK277	0.654440154440155	-0.6116668245502087	1	1	1	1	1	0
MK278	0.105984555984556	-3.238074043568717	1	1	0	0	0	0
MK281	0.571428571428571	-0.8073549220576053	1	1	1	1	1	0
MK286	0.488416988416989	-1.0338147129922421	1	1	1	1	0	0
MK288	0.370656370656371	-1.4318457869653962	1	1	1	0	0	0
MK289	0.053281853281853	-4.2302119257957544	1	0	0	0	0	0
MK297	0.432432432432432	-1.2094533656289512	1	1	1	1	0	0
MK298	0.579150579150579	-0.7879895971906734	1	1	1	1	1	0
MK301	0.55019305019305	-0.8619901786344504	1	1	1	1	0	0
MK303	0.474903474903475	-1.0742937823473138	1	1	1	1	0	0
MK305	0.97876447876448	-0.030966350683211522	1	1	1	1	1	0
LK001	0.044161073825503	-4.501080936501657	0	0	0	0	0	0
LK003	0.007758389261745	-7.010027122623564	0	0	0	0	0	0
LK004	0.034053691275168	-4.876045001060301	0	0	0	0	0	0
LK010	0.009718120805369	-6.685106918041062	0	0	0	0	0	0
LK013	0.06013422818792	-4.055669788179269	1	0	0	0	0	0
LK014	0.046818791946309	-4.416768480347313	1	0	0	0	0	0
LK017	0.072885906040269	-3.778216322432514	1	0	0	0	0	0
LK018	0.073154362416107	-3.7729122905726054	1	0	0	0	0	0
LK019	0.089189189189189	-3.4869873411578616	1	1	0	0	0	0
LK020	0.041476510067114	-4.5915616823325145	0	0	0	0	0	0
LK021	0.037315436241611	-4.744083637513368	0	0	0	0	0	0
LK022	0.056778523489933	-4.138510857116934	1	0	0	0	0	0
LK023	0.007409395973154	-7.07642834834615	0	0	0	0	0	0
LK024	0.067919463087248	-3.880031135542583	1	0	0	0	0	0
LK025	0.075261744966443	-3.7319394506579333	1	0	0	0	0	0
LK029	0.068993288590604	-3.857400161043009	1	0	0	0	0	0
LK031	0.05758389261745	-4.118190872737332	1	0	0	0	0	0
LK035	0.191698841698842	-2.3830864750455403	1	1	1	0	0	0
LK039	0.04510067114094	-4.470707287458113	1	0	0	0	0	0
LK040	0.042281879194631	-4.5638166918496035	0	0	0	0	0	0
LK043	0.039234899328859	-4.6717186913181985	0	0	0	0	0	0
LK044	0.331660231660232	-1.5922220614354512	1	1	1	0	0	0
LK045	0.249034749034749	-2.0055810322633	1	1	1	0	0	0
LK046	0.007369127516779	-7.084290466118957	0	0	0	0	0	0
LK048	0.420849420849421	-1.248623962909627	1	1	1	1	0	0
LK050	0.307528957528958	-1.7012058310486045	1	1	1	0	0	0
LK052	0.141208053691275	-2.8241057209445857	1	1	0	0	0	0
LK054	0.144161073825503	-2.794246432251477	1	1	0	0	0	0
LK057	0.05344966442953	-4.225675299403751	1	0	0	0	0	0
LK058	0.301208053691275	-1.7311677496280942	1	1	1	0	0	0
LK061	0.044161073825503	-4.501080936501657	0	0	0	0	0	0
LK066	0.03489932885906	-4.840656897208449	0	0	0	0	0	0
LK069	0.030335570469799	-5.042845747821683	0	0	0	0	0	0
LK071	0.041476510067114	-4.5915616823325145	0	0	0	0	0	0
LK072	0.287644787644788	-1.7976397672243905	1	1	1	0	0	0
LK074	0.018684563758389	-5.742009309275541	0	0	0	0	0	0
LK075	0.415057915057915	-1.2686154380970938	1	1	1	1	0	0
LK077	3.86930501930502	1.952074461656186	1	1	1	1	1	1
LK079	0.764478764478764	-0.38745166760694527	1	1	1	1	1	0
LK081	0.673166023166023	-0.570965733797212	1	1	1	1	1	0
LK083	1.1969111969112	0.25931611758768747	1	1	1	1	1	1
LK084	1.55019305019305	0.6324478898307605	1	1	1	1	1	1
LK087	0.78957528957529	-0.3408512547448043	1	1	1	1	1	0
LK089	13.7741312934363	3.78388942869857	1	1	1	1	1	1
LK091	2.21042471042471	1.144323595297752	1	1	1	1	1	1
LK093	1.76640926640927	0.820819645484854	1	1	1	1	1	1
LK099	0.556275780789629	-0.8461278001808215	1	1	1	1	0	0
LK100	0.244549204478491	-2.031803323308379	1	1	1	0	0	0
LK104	0.034413671184443	-4.860874385550014	0	0	0	0	0	0
LK106	0.061579257513259	-4.021411717461773	1	0	0	0	0	0
LK107	0.068945197407189	-3.858406129959262	1	0	0	0	0	0
LK110	0.104301708898055	-3.2611652994596714	1	1	0	0	0	0
LK111	0.069888037713612	-3.838810649884027	1	0	0	0	0	0
LK114	0.034001178550383	-4.878271435784544	0	0	0	0	0	0
LK117	0.214496169711255	-2.220976209343968	1	1	1	0	0	0
LK119	0.061284619917502	-4.028331131401559	1	0	0	0	0	0
LK121	0.285209192692988	-1.8099076122680668	1	1	1	0	0	0
LK122	0.312905126694166	-1.6762027987385106	1	1	1	0	0	0
LK124	0.213022981732469	-2.230919012591546	1	1	1	0	0	0
LK125	0.105480259281084	-3.244955072278411	1	1	0	0	0	0
LK126	1.16676487919859	0.22251386542431395	1	1	1	1	1	1
LK130	0.251620506776665	-1.9906785899221715	1	1	1	0	0	0
LK133	0.075545079552151	-3.7265183978112817	1	0	0	0	0	0
LK134	0.436063641720684	-1.1973893890263498	1	1	1	1	0	0
LK135	0.615792575132587	-0.6994836225744181	1	1	1	1	1	0
LK137	0.292280494991161	-1.7745745391557877	1	1	1	0	0	0
LK138	0.631113730111962	-0.664028084792408	1	1	1	1	1	0
LK140	5.5984555984556	2.4850288972157433	1	1	1	1	1	1
LK143	0.421331761932823	-1.2469714178769102	1	1	1	1	0	0
LK144	0.065645256334708	-3.929165427090001	1	0	0	0	0	0
LK146	0.364761343547437	-1.4549752503283973	1	1	1	0	0	0
LK147	0.875073659398939	-0.19252363385453575	1	1	1	1	1	0
LK149	0.331467295226871	-1.5930615634382637	1	1	1	0	0	0
LK151	2.84030642309959	1.506046581574662	1	1	1	1	1	1
LK152	0.173246906305245	-2.5290985047062953	1	1	1	0	0	0
LK154	0.29345904537419	-1.7687689174745813	1	1	1	0	0	0
LK155	1.0489098408957	0.06889067631109916	1	1	1	1	1	0
LK159	0.095462581025339	-3.3889208466580363	1	1	0	0	0	0
LK160	7.0019305019305	2.8077527422837254	1	1	1	1	1	1
LK163	0.284030642309959	-1.8158815133127004	1	1	1	0	0	0
LK164	2.73423688862699	1.4511382404722717	1	1	1	1	1	1
LK165	0.659398939304655	-0.6007765285662701	1	1	1	1	1	0
LK167	0.466532258064516	-1.0999512561667482	1	1	1	1	0	0
LK168	1.25403225806452	0.3265744597437318	1	1	1	1	1	1
LK169	1.06048387096774	0.0847226789054245	1	1	1	1	1	0
LK171	0.806451612903226	-0.3103401206121502	1	1	1	1	1	0
LK172	5.86100386100386	2.551147787728912	1	1	1	1	1	1
LK174	0.979838709677419	-0.029383806781094764	1	1	1	1	1	0
LK176	0.75	-0.4150374992788438	1	1	1	1	1	0
LK177	0.198790322580645	-2.3306805688963275	1	1	1	0	0	0
LK179	0.061290322580645	-4.028196891830656	1	0	0	0	0	0
LK180	0.242741935483871	-2.0425047285145355	1	1	1	0	0	0
LK184	0.071774193548387	-3.8003909743078417	1	0	0	0	0	0
LK188	0.102822580645162	-3.2817709684153695	1	1	0	0	0	0
LK190	0.324596774193549	-1.6232794322722555	1	1	1	0	0	0
LK192	16.2200772200772	4.019708782799962	1	1	1	1	1	1
LK194	0.096774193548387	-3.3692338096657206	1	1	0	0	0	0
LK195	16.7895752895753	4.0694938310960005	1	1	1	1	1	1
LK197	0.334274193548388	-1.5808961137784832	1	1	1	0	0	0
LK199	0.288709677419355	-1.7923086280099803	1	1	1	0	0	0
LK201	0.181451612903226	-2.462343214057199	1	1	1	0	0	0
LK204	0.156854838709678	-2.6724980602880404	1	1	1	0	0	0
LK206	0.254032258064517	-1.9769163868869537	1	1	1	0	0	0
LK208	0.146774193548387	-2.768329765075542	1	1	0	0	0	0
LK210	0.084274193548387	-3.5687652731933563	1	1	0	0	0	0
LK211	0.493951612903227	-1.0175583713843013	1	1	1	1	0	0
LK214	0.180645161290323	-2.4687694832166303	1	1	1	0	0	0
LK215	0.282661290322581	-1.8228537712636124	1	1	1	0	0	0
LK220	0.287500000000001	-1.7983661388303447	1	1	1	0	0	0
LK223	0.526209677419356	-0.9262903138169876	1	1	1	1	0	0
LK225	1.7953667953668	0.8442786183088435	1	1	1	1	1	1
LK226	3.51351351351351	1.8129144473995034	1	1	1	1	1	1
LK229	0.350806451612904	-1.5112528145381434	1	1	1	0	0	0
LK230	0.293145161290323	-1.7703128513546413	1	1	1	0	0	0
LK231	0.740322580645163	-0.4337740618604263	1	1	1	1	1	0
LK233	0.528225806451614	-0.920773308849422	1	1	1	1	0	0
LK236	0.237096774193549	-2.0764520604378696	1	1	1	0	0	0
LK241	0.29760348583878	-1.7485366700110796	1	1	1	0	0	0
LK244	0.232461873638344	-2.1049339774767466	1	1	1	0	0	0
LK250	0.3119825708061	-1.6804626610369149	1	1	1	0	0	0
LK256	0.161437908496732	-2.6309487059953365	1	1	1	0	0	0
LK257	1.17181467181467	0.228744418569126	1	1	1	1	1	1
LK258	0.980392156862745	-0.028569152196771117	1	1	1	1	1	0
LK261	1.30718954248366	0.38646834708207267	1	1	1	1	1	1
LK264	0.146623093681917	-2.769815743690855	1	1	0	0	0	0
LK267	0.127015250544662	-2.9769263651006774	1	1	0	0	0	0
LK270	0.171459694989107	-2.544058612793682	1	1	1	0	0	0
LK272	0.895424836601307	-0.15935575973212537	1	1	1	1	1	0
LK274	0.121786492374728	-3.0375739654579763	1	1	0	0	0	0
LK276	0.008257080610022	-6.920152495017404	0	0	0	0	0	0
LK277	0.063681917211329	-3.9729724193824794	1	0	0	0	0	0
LK280	0.043747276688453	-4.514662979237766	0	0	0	0	0	0
LK281	0.004967320261438	-7.653316519023765	0	0	0	0	0	0
LK283	0.084531590413943	-3.564365596114049	1	1	0	0	0	0
LK285	0.052265795206972	-4.257989090895089	1	0	0	0	0	0
LK287	0.018932461873638	-5.722994166374159	0	0	0	0	0	0
LK289	0.145533769063181	-2.7805741458271163	1	1	0	0	0	0
LK292	0.147276688453159	-2.7633990020189865	1	1	0	0	0	0
LK295	0.075816993464052	-3.7213349424524473	1	0	0	0	0	0
LK299	0.022004357298475	-5.506066955549372	0	0	0	0	0	0
LK301	0.548148148148148	-0.8673622314218814	1	1	1	1	0	0
LK304	0.158995815899582	-2.6529392945371595	1	1	1	0	0	0
LK308	0.114	-3.1328942704973453	1	1	0	0	0	0
LK309	0.2596	-1.945637711550311	1	1	1	0	0	0
LK310	0.412831241283124	-1.2763759430729555	1	1	1	1	0	0
LK314	0.1788	-2.483581358366132	1	1	1	0	0	0
LK315	0.532	-0.9105018491608974	1	1	1	1	0	0
LK320	0.251046025104602	-1.9939762123722329	1	1	1	0	0	0
LK321	0.278940027894003	-1.8419731189271789	1	1	1	0	0	0
LK324	0.199442119944212	-2.3259579719235153	1	1	1	0	0	0
LK327	0.086471408647141	-3.531632998315027	1	1	0	0	0	0
LK328	0.052440725244073	-4.2531685519116165	1	0	0	0	0	0
LK331	0.203486750348675	-2.2969932356713763	1	1	1	0	0	0
LK332	0.223152022315202	-2.163901213814544	1	1	1	0	0	0
LK334	0.245467224546722	-2.02639769006461	1	1	1	0	0	0
LK335	0.12	-3.0588936890535687	1	1	0	0	0	0
LK336	0.248256624825662	-2.01009587773551	1	1	1	0	0	0
LK337	0.451882845188285	-1.1459793058172785	1	1	1	1	0	0
LK339	0.259414225941423	-1.9466704975938711	1	1	1	0	0	0
LK340	0.421199442119944	-1.2474245693768267	1	1	1	1	0	0
LK341	0.556	-0.8468432119385795	1	1	1	1	0	0
LK342	0.168758716875872	-2.5669660714273075	1	1	1	0	0	0
LK343	0.066666666666667	-3.906890595608511	1	0	0	0	0	0
LK344	0.037517433751743	-4.736295041032657	0	0	0	0	0	0
LK346	0.042259414225942	-4.564583420116296	0	0	0	0	0	0
RV001	0.210526315789474	-2.2479275134435834	1	1	1	0	0	0
RV002	0.200501253132832	-2.3183168413349837	1	1	1	0	0	0
RV003	0.536340852130326	-0.8987779498211983	1	1	1	1	0	0
RV006	0.283558897243108	-1.8182796703532946	1	1	1	0	0	0
RV008	0.177944862155388	-2.4904978167176677	1	1	1	0	0	0
RV009	0.129072681704261	-2.9537444090391234	1	1	0	0	0	0
RV010	0.357142857142857	-1.4854268271702424	1	1	1	0	0	0
RV011	0.433583959899749	-1.2056167085856224	1	1	1	1	0	0
RV012	0.157894736842105	-2.662965012722432	1	1	1	0	0	0
RV013	0.362155388471178	-1.4653192537216668	1	1	1	0	0	0
RV014	0.363408521303258	-1.4603358462074119	1	1	1	0	0	0
RV015	0.421052631578947	-1.2479275134435868	1	1	1	1	0	0
RV018	0.233082706766917	-2.1010861251143162	1	1	1	0	0	0
RV020	0.131578947368421	-2.925999418556224	1	1	0	0	0	0
RV021	0.37844611528822	-1.4018401968972691	1	1	1	1	0	0
RV022	0.334586466165414	-1.57954900453479	1	1	1	0	0	0
RV023	0.120300751879699	-3.0552824355011925	1	1	0	0	0	0
RV024	0.166666666666667	-2.5849625007211534	1	1	1	0	0	0
RV025	0.18546365914787	-2.4307915705933936	1	1	1	0	0	0
RV026	0.172932330827068	-2.531720479444174	1	1	1	0	0	0
RV027	0.078947368421053	-3.6629650127224225	1	1	0	0	0	0
RV028	0.294486215538847	-1.7637279896573466	1	1	1	0	0	0
RV029	0.418546365914787	-1.2565406437482936	1	1	1	1	0	0
RV032	0.140350877192982	-2.832890014164746	1	1	0	0	0	0
RV034	0.176190476190476	-2.504792152037174	1	1	1	0	0	0
RV035	0.178231292517007	-2.4881774381862747	1	1	1	0	0	0
RV036	0.414965986394558	-1.2689350072734775	1	1	1	1	0	0
RV037	0.170068027210884	-2.5558161550616427	1	1	1	0	0	0
RV038	0.469387755102041	-1.0911478880581948	1	1	1	1	0	0
RV039	0.374149659863946	-1.4183126313117032	1	1	1	1	0	0
RV042	0.217687074829932	-2.1996723448363644	1	1	1	0	0	0
RV043	0.386394557823129	-1.3718533202190457	1	1	1	1	0	0
RV045	0.448979591836735	-1.15527822547791	1	1	1	1	0	0
RV047	0.16734693877551	-2.579085934384489	1	1	1	0	0	0
RV049	0.123809523809524	-3.0138057995250285	1	1	0	0	0	0
RV050	0.583673469387755	-0.7767666022241814	1	1	1	1	1	0
RV052	0.4	-1.3219280948873622	1	1	1	1	0	0
RV054	1.10204081632653	0.1401776580482596	1	1	1	1	1	1
RV055	0.938775510204082	-0.09114788805819476	1	1	1	1	1	0
RV057	0.291836734693878	-1.7767666022241788	1	1	1	0	0	0
RV058	0.251700680272109	-1.9902189792074136	1	1	1	0	0	0
RV059	0.231292517006803	-2.112209503586023	1	1	1	0	0	0
RV060	0.510204081632653	-0.9708536543404838	1	1	1	1	0	0
RV061	0.537414965986395	-0.8958915966592602	1	1	1	1	0	0
RV063	0.319727891156463	-1.645083493158725	1	1	1	0	0	0
RV065	0.421768707482993	-1.24547603444949	1	1	1	1	0	0
RV067	1.0952380952381	0.13124453327825886	1	1	1	1	1	1
RV068	0.244897959183673	-2.029747343394055	1	1	1	0	0	0
RV069	0.319727891156463	-1.645083493158725	1	1	1	0	0	0
RV071	0.326530612244898	-1.6147098441152081	1	1	1	0	0	0
RV072	0.625850340136055	-0.6761103887793503	1	1	1	1	1	0
RV073	0.782312925170068	-0.3541822938919892	1	1	1	1	1	0
RV078	0.748299319727891	-0.41831263131170515	1	1	1	1	1	0
RV079	0.268027210884354	-1.899548620267349	1	1	1	0	0	0
RV082	0.673469387755102	-0.5703157247567548	1	1	1	1	1	0
RV083	0.234013605442177	-2.095335685021628	1	1	1	0	0	0
RV084	0.080952380952381	-3.6267826764157824	1	1	0	0	0	0
RV085	1.0	0.0	1	1	1	1	1	0
RV087	0.210884353741497	-2.2454760344494864	1	1	1	0	0	0
RV089	0.612244897959184	-0.7078192485066889	1	1	1	1	1	0
RV090	0.482993197278912	-1.049925225331681	1	1	1	1	0	0
RV094	0.178231292517007	-2.4881774381862747	1	1	1	0	0	0
RV095	0.486394557823129	-1.0398010080579756	1	1	1	1	0	0
RV096	1.02040816326531	0.029146345659521847	1	1	1	1	1	0
RV097	0.394557823129252	-1.341691349708791	1	1	1	1	0	0
RV099	1.23809523809524	0.308122295362334	1	1	1	1	1	1
RV100	0.503401360544218	-0.9902189792074136	1	1	1	1	0	0
RV101	1.00680272108844	0.009781020792592077	1	1	1	1	1	0
RV104	0.965986394557823	-0.049925225331682546	1	1	1	1	1	0
RV105	1.3265306122449	0.4076579689132486	1	1	1	1	1	1
RV106	1.0952380952381	0.13124453327825886	1	1	1	1	1	1
RV109	0.183673469387755	-2.4447848426728966	1	1	1	0	0	0
RV110	0.158503401360544	-2.6574142950694486	1	1	1	0	0	0
RV111	0.263598326359833	-1.9235868844808302	1	1	1	0	0	0
RV113	0.315202231520223	-1.6656503462867178	1	1	1	0	0	0
RV114	0.150627615062762	-2.730941806538431	1	1	1	0	0	0
RV115	0.306834030683403	-1.7044695951772455	1	1	1	0	0	0
RV116	1.41143654114365	0.49716426599240127	1	1	1	1	1	1
RV118	0.503486750348675	-0.989974281814734	1	1	1	1	0	0
RV119	0.104602510460251	-3.2570106182060243	1	1	0	0	0	0
RV121	0.422594142259414	-1.2426553252289545	1	1	1	1	0	0
RV124	0.196652719665272	-2.346277956303111	1	1	1	0	0	0
RV127	0.344490934449093	-1.5374620771172287	1	1	1	0	0	0
RV128	0.350069735006974	-1.5142857547511306	1	1	1	0	0	0
RV129	0.355648535564854	-1.4914758718430452	1	1	1	0	0	0
RV130	1.51882845188285	0.6029589300150068	1	1	1	1	1	1
RV131	0.368200836820084	-1.44143518934345	1	1	1	0	0	0
RV132	0.055509065550907	-4.171132783045607	1	0	0	0	0	0
RV134	0.504881450488145	-0.9859834216186995	1	1	1	1	0	0
RV135	0.422594142259414	-1.2426553252289545	1	1	1	1	0	0
RV136	0.046861924686193	-4.415439980810491	1	0	0	0	0	0
RV138	0.273361227336123	-1.871119464586695	1	1	1	0	0	0
RV140	0.161645746164575	-2.629092552582792	1	1	1	0	0	0
RV141	0.076569037656904	-3.707095064584064	1	0	0	0	0	0
RV143	0.475592747559275	-1.0722013796777314	1	1	1	1	0	0
RV144	5.67642956764296	2.5049837704517053	1	1	1	1	1	1
RV146	0.564853556485356	-0.824051210929917	1	1	1	1	1	0
RV147	0.436541143654114	-1.1958104617692875	1	1	1	1	0	0
RV148	0.301255230125523	-1.730941806538436	1	1	1	0	0	0
RV150	0.038912133891213	-4.683636091760094	0	0	0	0	0	0
RV151	0.320781032078103	-1.6403392577575304	1	1	1	0	0	0
RV152	0.252440725244072	-1.9859834216187022	1	1	1	0	0	0
RV153	0.326359832635983	-1.6154645891185013	1	1	1	0	0	0
RV154	0.019804741980474	-5.658010284084599	0	0	0	0	0	0
RV155	0.231520223152022	-2.110789877354982	1	1	1	0	0	0
RV156	0.202510460251046	-2.3039316655935167	1	1	1	0	0	0
RV158	0.042538354253836	-4.5550919711389986	0	0	0	0	0	0
RV159	0.126778242677824	-2.979620919395163	1	1	0	0	0	0
RV160	0.362622036262204	-1.4634614956734486	1	1	1	0	0	0
RV162	0.032357043235704	-4.94977640846171	0	0	0	0	0	0
RV163	0.147698744769874	-2.7592705295969355	1	1	0	0	0	0
RV164	0.081171548117155	-3.62288206068098	1	1	0	0	0	0
RV165	0.345885634588563	-1.5316329983150316	1	1	1	0	0	0
RV167	0.256624825662483	-1.9622673526448893	1	1	1	0	0	0
RV168	0.539748953974895	-0.8896395525574956	1	1	1	1	0	0
RV169	0.189679218967922	-2.398366467451565	1	1	1	0	0	0
RV170	0.179916317991632	-2.474602053278649	1	1	1	0	0	0
RV171	0.132496513249651	-2.9159737003709605	1	1	0	0	0	0
RV175	0.387726638772664	-1.366888235978397	1	1	1	1	0	0
RV176	0.117991631799163	-3.0832435504693194	1	1	0	0	0	0
RV177	0.122733612273361	-3.02639769006461	1	1	0	0	0	0
RV180	0.256624825662483	-1.9622673526448893	1	1	1	0	0	0
RV182	0.242677824267782	-2.042885812853179	1	1	1	0	0	0
RV183	0.104881450488145	-3.2531685519116302	1	1	0	0	0	0
RV184	0.155509065550907	-2.684929408781596	1	1	1	0	0	0
RV186	0.026917712691771	-5.215300366321201	0	0	0	0	0	0
RV187	0.16513249651325	-2.5983040379603146	1	1	1	0	0	0
RV191	0.036820083682008	-4.763363284230828	0	0	0	0	0	0
RV192	0.039191073919107	-4.673331083368356	0	0	0	0	0	0
RV196	0.460251046025105	-1.1195070944560876	1	1	1	1	0	0
RV197	0.175174337517434	-2.513136654697638	1	1	1	0	0	0
RV199	0.794979079497908	-0.3310111996498006	1	1	1	1	1	0
RV201	0.050209205020921	-4.315904307259578	1	0	0	0	0	0
RV203	0.101813110181311	-3.2960047498218876	1	1	0	0	0	0
RV205	0.233612273361227	-2.097812023356772	1	1	1	0	0	0
RV206	0.04560669456067	-4.454610578091168	1	0	0	0	0	0
RV208	0.158856345885635	-2.654205371881152	1	1	1	0	0	0
RV211	0.107252440725244	-3.2209176156274415	1	1	0	0	0	0
RV213	0.165969316596932	-2.5910115453939584	1	1	1	0	0	0
RV214	0.058437935843794	-4.096950969889905	1	0	0	0	0	0
RV215	0.039191073919107	-4.673331083368356	0	0	0	0	0	0
RV216	0.251046025104602	-1.9939762123722329	1	1	1	0	0	0
RV217	0.051743375174338	-4.272482026968451	1	0	0	0	0	0
RV219	0.274755927475593	-1.863777489245527	1	1	1	0	0	0
RV222	0.238493723849372	-2.067976793816009	1	1	1	0	0	0
RV224	0.128312412831241	-2.962267352644895	1	1	0	0	0	0
RV225	0.323570432357043	-1.6278483135743336	1	1	1	0	0	0
RV227	0.128312412831241	-2.962267352644895	1	1	0	0	0	0
RV228	0.019665271966527	-5.668206051190488	0	0	0	0	0	0
RV231	0.375174337517434	-1.4143669461452797	1	1	1	1	0	0
RV232	0.177126917712692	-2.497144621929737	1	1	1	0	0	0
RV235	0.232914923291492	-2.1021250162278546	1	1	1	0	0	0
RV236	0.280334728033473	-1.8347776175229753	1	1	1	0	0	0
RV239	0.031520223152022	-4.987578441174094	0	0	0	0	0	0
RV240	0.6702	-0.5773364083449783	1	1	1	1	1	0
RV241	0.33	-1.5994620704162712	1	1	1	0	0	0
RV243	0.28	-1.8365012677171204	1	1	1	0	0	0
RV244	1.048	0.0676387168753633	1	1	1	1	1	0
RV246	0.0526	-4.248793390257147	1	0	0	0	0	0
RV248	0.0774	-3.691522623405039	1	1	0	0	0	0
RV249	0.428	-1.22431729826094	1	1	1	1	0	0
RV250	0.272	-1.8783214434117474	1	1	1	0	0	0
RV252	0.0262	-5.254289378011999	0	0	0	0	0	0
RV254	0.1884	-2.408129129936666	1	1	1	0	0	0
RV255	0.188	-2.41119543298445	1	1	1	0	0	0
RV256	0.306	-1.7083964419694353	1	1	1	0	0	0
RV257	0.0712	-3.8119789485830515	1	0	0	0	0	0
RV258	0.1302	-2.941198646383814	1	1	0	0	0	0
RV259	0.496	-1.0115879742752119	1	1	1	1	0	0
RV260	0.188	-2.41119543298445	1	1	1	0	0	0
RV261	0.17	-2.5563933485243853	1	1	1	0	0	0
RV264	0.152	-2.7178567712185018	1	1	1	0	0	0
RV265	0.274	-1.8677522017015602	1	1	1	0	0	0
RV266	0.478	-1.0649174766813385	1	1	1	1	0	0
RV267	0.478	-1.0649174766813385	1	1	1	1	0	0
RV269	0.346	-1.5311560570253624	1	1	1	0	0	0
RV272	0.286	-1.8059129478836977	1	1	1	0	0	0
RV273	0.374	-1.4188898247744504	1	1	1	1	0	0
RV274	0.194	-2.365871442474959	1	1	1	0	0	0
RV277	0.2062	-2.2778837621813413	1	1	1	0	0	0
RV279	0.029	-5.107803289534515	0	0	0	0	0	0
RV280	0.388	-1.3658714424749594	1	1	1	1	0	0
RV281	0.0306	-5.0303245368567975	0	0	0	0	0	0
RV282	0.182	-2.4579896444633906	1	1	1	0	0	0
RV283	0.544	-0.8783214434117476	1	1	1	1	0	0
RV286	0.404	-1.3075728019102923	1	1	1	1	0	0
